file,stratum,camera,sampleFormat,width,height,onDiskCodec,rawBytes,zlib+sh(max).bytes,zlib+sh(max).encMs,zlib+sh(max).decMs,lz4hc+sh.bytes,lz4hc+sh.encMs,lz4hc+sh.decMs,zstd+sh(1).bytes,zstd+sh(1).encMs,zstd+sh(1).decMs,zstd+sh(3).bytes,zstd+sh(3).encMs,zstd+sh(3).decMs,zstd+sh(9).bytes,zstd+sh(9).encMs,zstd+sh(9).decMs,zstd+sh(15).bytes,zstd+sh(15).encMs,zstd+sh(15).decMs,zstd+sh(19).bytes,zstd+sh(19).encMs,zstd+sh(19).decMs,zstd+sh(22).bytes,zstd+sh(22).encMs,zstd+sh(22).decMs
112  M101  L-L  60x1  Z183G053O10@-20.0C  APM107R@531+02.8C  F27793@+05.2C  S099.4  (2020-04-12  01-36-25 AM  SGP).xisf,light-sub,Z183,UInt16,5496,3672,zlib+sh,40362624,14844713,15897.2,75.4,21779912,1318.1,32.5,14270665,161.7,75.8,14604275,249.8,91.4,14670745,797.6,80.0,14198878,8309.3,51.0,13103575,20649.5,45.2,13095599,21204.4,47.3
011  CygnusLoop P15 Stars  L-R  60x2  Z183G000O10@-10.0C  APM107R@531+07.9C  F19943@+10.0C  S274.3  (2026-05-31  02-43-32 AM  NINA).xisf,light-sub,Z183,UInt16,2744,1836,zlib+sh,10075968,2982686,305.6,15.6,3867947,162.8,10.3,2666194,20.0,9.6,2844543,29.4,11.5,2875479,104.9,14.8,2869517,574.3,11.0,2654169,1491.1,10.0,2641792,2909.5,10.1
002  Markarians Chain  L-B  300x1  Z183G053O10@-20.0C  APM107R@531-02.3C  F32179@+00.5C  S173.1  (2019-03-19  05-03-05 AM  SGP).xisf,light-sub,Z183,UInt16,5496,3672,zlib+sh,40362624,18469381,6839.8,76.9,25128758,1203.1,37.0,17065559,108.3,46.8,18025565,171.8,58.0,18055721,727.4,54.5,17691426,7886.7,55.5,16486203,18030.9,42.9,16481395,21430.9,44.8
012  CygnusLoop P01  L-O  300x2  Z183G111O10@-10.0C  APM107R@531+17.6C  F25519@+19.2C  S275.6  (2025-08-27  08-45-41 PM  NINA).xisf,light-sub,Z183,UInt16,2744,1836,zlib+sh,10075968,3740519,277.4,20.4,5076239,157.6,7.3,3507412,15.8,10.0,3512935,14.8,13.6,3521708,74.4,10.2,3534345,357.3,10.0,3469541,1437.8,10.1,3458056,2639.4,10.4
084  LDN 1235  L-L  600x1  Z183G000O10@-10.0C  APM107R@531+13.9C  F33803@+15.6C  S175.0  (2024-08-23  02-49-10 AM  NINA).xisf,light-sub,Z183,UInt16,5496,3672,lz4hc+sh,40362624,17625278,7868.5,84.1,24288855,1193.7,30.6,16582770,109.3,39.7,17069922,160.7,48.4,17286384,724.8,57.4,16827875,7969.8,61.0,15663873,18505.0,49.0,15652781,20500.9,53.3
012  M63 Stars  L-R  30x1  Z183G000O10@-10.0C  APM107R@531+24.7C  F36988@+26.1C  S000.0  (2024-06-19  10-12-48 PM  NINA).xisf,light-sub,Z183,UInt16,5496,3672,zlib+sh,40362624,10975248,22276.0,68.8,17218707,1664.3,30.3,11241525,109.4,53.4,12316367,128.2,52.2,11409346,806.1,56.4,10802274,9613.8,52.1,9693758,19309.3,39.2,9693695,22566.7,47.6
078  M31-TL  L-L  90x1  Z533G100O50@-10.0C  APM107R@531+13.9C  F37965@+16.0C  S267.9  (2021-09-04  01-18-12 AM  SGP).xisf,light-sub,Z533,UInt16,3008,3008,zlib+sh,18096128,7931155,3399.3,35.7,11037800,426.9,11.7,8212214,43.8,25.7,8200784,34.0,27.4,7960717,168.5,25.2,7779799,1617.5,23.7,7616408,4667.6,19.9,7616407,4711.6,16.8
023  M63  L-B  300x1  Z183G000O10@-10.0C  APM107R@531+01.3C  F25000@+04.5C  S000.0  (2025-03-08  11-38-10 PM  NINA).xisf,light-sub,Z183,UInt16,5496,3672,zlib+sh,40362624,14541916,10352.0,59.9,20859089,1078.8,29.5,14165022,85.3,38.3,14506652,134.6,44.1,14456500,671.0,52.4,13966168,6132.9,43.7,12779300,17846.8,40.3,12776649,20145.0,40.0
029  M31-Center  L-B  30x1  Z183G054O10@-20.0C  APM107R@531+19.1C  F83879@+21.3C  S039.9  (2018-07-10  02-03-14 AM  SGP).xisf,light-sub,Z183,UInt16,5496,3672,zlib+sh,40362624,11457708,8750.8,51.7,16100920,1035.0,25.8,11038718,79.5,37.7,12386426,150.8,49.5,11650277,772.4,41.6,11300758,5651.8,50.0,10048569,15063.3,28.9,10039185,17697.0,30.6
047  IC443  L-O  600x1  Z183G111O10@-20.0C  APM107R@531-00.5C  F22854@+03.1C  S015.0  (2022-11-22  05-21-43 AM  NINA).xisf,light-sub,Z183,UInt16,5496,3672,zlib+sh,40362624,14663566,14008.5,59.2,21397977,1125.3,32.4,14191688,84.2,36.6,14550042,136.3,43.0,14531331,688.1,46.5,14059677,7860.8,41.9,12941641,18986.9,39.7,12932314,20823.0,40.3
171  Markarians Chain  L-L  60x1  Z183G053O10@-20.0C  APM107R@531-03.8C  F30291@+00.1C  S179.9  (2020-01-30  02-37-54 AM  SGP).xisf,light-sub,Z183,UInt16,5496,3672,zlib+sh,40362624,14722163,12568.1,80.3,21350107,1126.9,27.0,14248748,86.0,39.3,14583742,134.1,50.9,14593730,756.6,46.2,14098898,6766.7,51.9,12932464,18236.8,39.4,12930424,21554.1,31.2
018  M97  L-H  300x1  Z183G111O10@-20.0C  APM107R@531-03.2C  F21742@+00.1C  S125.0  (2023-03-20  05-16-20 AM  NINA).xisf,light-sub,Z183,UInt16,5496,3672,zlib+sh,40362624,13418274,17459.5,57.2,19862796,1279.2,27.5,12914822,83.1,36.9,14087460,144.1,51.2,13528491,802.6,44.2,13055653,8039.5,41.8,11742026,18225.1,40.1,11724710,20711.7,40.6
D1 Master Dark  2023-03-26  600x1x64  Z183G111O10@-20.0C  (WSC NINA).xisf,master-dark,Z183,Float32,5496,3672,zlib+sh,80725248,37347342,5056.6,171.4,46043805,1619.7,41.7,35364145,165.0,64.2,36321660,275.9,95.7,36047557,1144.9,88.2,35811274,9771.0,80.3,34263062,23788.2,83.8,34248075,28460.3,80.9
D3 Master Dark  2023-12-18  300x1x128  Z183G053O10@-20.0C  (WSC NINA).xisf,master-dark,Z183,Float32,5496,3672,zlib+sh,80725248,35126251,8846.4,146.7,43185042,1766.0,37.8,34414579,175.8,67.3,34973043,200.4,77.1,34583722,815.3,78.6,34041915,8780.7,77.3,32921787,19395.3,71.7,32921380,23266.3,72.1
D1 Master Dark  2023-03-24  5.0x1x160  Z183G053O50@-20.0C  (WSC NINA).xisf,master-dark,Z183,UInt16,5496,3672,zlib+sh,40362624,8995749,2251.2,49.6,11876357,792.2,24.0,8025224,70.8,24.4,9349939,112.6,37.3,8903299,504.0,40.9,8779365,4708.9,37.4,7799903,8629.8,30.2,7800383,10279.3,25.1
D1 Master Dark  2025-10-14  300x1x65  Z183G000O10@-10.0C  (WSC NINA).xisf,master-dark,Z183,Float32,5496,3672,zlib+sh,80725248,34784003,6763.9,170.5,46432484,1608.9,56.4,33982421,151.6,72.0,33924642,136.7,69.0,33736393,861.5,77.6,33321536,7384.1,74.2,32693213,19061.3,71.6,32690250,24621.0,69.1
D1 Master Dark  2023-04-02  180x1x71  Z533G100O50@-10.0C  (WSC NINA).xisf,master-dark,Z533,Float32,3008,3008,zlib+sh,36192256,15283748,510.3,62.8,18360628,551.1,16.8,14851339,52.2,29.0,14902723,41.8,34.2,14847479,85.1,33.5,14869229,761.1,29.0,14853118,4095.1,34.4,14827846,7146.0,37.8
D2 Master Dark  2019-10-01  180x1x64  Z183G053O10@-20.0C  (LFC SGP).xisf,master-dark,Z183,Float32,5496,3672,zlib+sh,80725248,23071024,13984.0,108.8,32502482,2033.0,60.5,22755319,179.3,84.0,23131077,231.5,76.2,22924365,1165.9,79.7,22018261,12721.1,72.4,20577946,28906.0,59.7,20576827,33586.0,65.7
D6 Master Dark  2023-12-20  600x1x128  Z183G111O10@-20.0C  (WSC NINA).xisf,master-dark,Z183,Float32,5496,3672,zlib+sh,80725248,40424598,4500.0,160.1,48362970,1605.3,44.7,39183949,171.6,88.3,39839646,227.3,75.7,39340520,815.1,75.6,39046064,7660.9,86.0,37971187,18883.1,73.2,37963839,22588.2,77.8
D1 Master Dark  2024-06-23  60x1x64  Z183G000O10@-10.0C  (WSC NINA).xisf,master-dark,Z183,Float32,5496,3672,zlib+sh,80725248,19224615,17569.5,97.1,28309002,1992.3,47.8,19690203,152.3,72.8,19916435,198.0,71.9,19407232,1089.7,76.3,18435445,11028.7,69.0,18096522,27542.7,80.9,18100848,32776.9,86.3
D3 Master Dark  2023-12-20  600x1x128  Z183G111O10@-20.0C  (WSC NINA).xisf,master-dark,Z183,Float32,5496,3672,zlib+sh,80725248,40424598,4481.7,160.4,48362970,1601.6,44.4,39183949,167.4,71.7,39839646,226.8,95.2,39340520,793.6,76.0,39046064,7697.9,75.7,37971187,18486.7,73.9,37963839,23088.8,78.7
D3 Master Dark  2021-11-07  300x1x128  Z533G100O50@-10.0C  (ESD SGP).xisf,master-dark,Z533,Float32,3008,3008,zlib+sh,36192256,16984125,1864.4,60.9,19523568,647.3,18.4,17056664,64.5,32.7,17083360,64.2,37.9,16891248,157.0,29.5,16788369,1049.1,31.8,16652967,5510.7,27.3,16644330,6872.6,37.9
D8 Master Dark  2024-06-25  600x1x64  Z183G111O10@-10.0C  (WSC NINA).xisf,master-dark,Z183,Float32,5496,3672,zlib+sh,80725248,31348379,6381.0,139.0,40276272,1797.8,52.3,30430489,169.7,77.8,31394678,298.9,83.2,30386790,1176.0,86.1,29956941,11266.4,83.2,29440402,27496.9,95.8,29429238,34017.9,98.1
D3 Master Dark  2024-06-23  300x1x64  Z183G000O10@-10.0C  (WSC NINA).xisf,master-dark,Z183,Float32,5496,3672,zlib+sh,80725248,21031215,15940.0,103.0,30008092,2006.6,49.0,21233841,163.4,72.7,21457694,213.1,71.3,20995448,1117.3,75.1,20046164,11636.3,71.3,18891465,26799.9,60.0,18882835,32545.4,67.7
F12 Master Flat S  2024-06-22  0x1x128  Z183G000O10@-10.0C  APM107R@531  (ESD NINA).xisf,master-flat,Z183,Float32,5496,3672,zlib+sh,80725248,47196666,2708.5,60.5,49729021,1505.5,40.3,47848025,142.3,47.9,47652066,117.9,51.3,47173178,462.1,46.4,46690333,4555.3,45.0,46312086,13424.6,44.7,46305966,14854.6,45.8
F2 Master Flat R  2026-04-27  0.058x1x128  Z183G000O10@-10.0C  APM107R@531  (LFC NINA).xisf,master-flat,Z183,Float32,5496,3672,zlib+sh,80725248,48788905,3291.8,75.4,51921020,1664.2,42.5,49668168,148.9,57.7,49524121,137.2,68.0,48742473,554.4,57.8,48305993,4936.2,62.1,47816324,15422.9,47.8,47792067,18839.1,54.6
F2 Master Flat O  2022-08-13  0.09x1x128  Z183G111O10@-20.0C  APM107R@531  (ESD SGP).xisf,master-flat,Z183,Float32,5496,3672,zlib+sh,80725248,46251660,4009.2,59.2,48975700,1555.6,45.8,46818143,141.9,48.8,46646790,103.9,49.7,46370120,447.6,47.2,45825333,5248.8,42.9,45470352,13681.3,43.8,45458700,14970.5,52.8
F23 Master Flat B  2024-06-01  0.01x1x64  Z183G000O10@-20.0C  APM107R@531  (ESD NINA).xisf,master-flat,Z183,Float32,5496,3672,zlib+sh,80725248,46226653,4537.5,63.0,49061973,1570.5,39.5,46737325,143.3,48.4,46642899,106.3,51.2,46376452,453.7,47.3,45852170,4854.9,53.4,45521411,14050.9,42.9,45510903,15411.1,57.0
F5 Master Flat R  2024-01-03  0.09x1x128  Z183G000O10@-20.0C  APM107R@531  (ESD NINA).xisf,master-flat,Z183,Float32,5496,3672,zlib+sh,80725248,46024976,3620.9,58.8,48671370,1562.8,45.7,46620246,139.9,48.9,46522703,106.1,50.9,46137729,445.1,47.2,45621184,4895.8,42.6,45272911,14552.3,44.5,45265209,16126.7,47.1
F4 Master Flat R  2023-12-16  0.01x1x128  Z183G053O10@-20.0C  APM107R@531  (ESD NINA).xisf,master-flat,Z183,Float32,5496,3672,zlib+sh,80725248,45761477,3693.7,67.9,48379192,1592.4,41.5,46391222,139.3,49.0,46277276,100.9,61.1,45890723,456.7,45.7,45374425,5609.6,51.9,45025878,13698.1,52.5,45019423,15124.3,63.5
F10 Master Flat B  2023-10-24  0x1x32  Z183G053O10@-20.0C  APM107R@531  (ESD NINA).xisf,master-flat,Z183,Float32,5496,3672,zlib+sh,80725248,45623274,5317.5,64.1,48466159,1631.5,48.5,46227295,140.4,49.4,46106164,97.9,51.7,45819519,479.3,47.3,45282032,5355.9,43.8,44955327,14396.1,43.2,44947019,15288.1,46.7
F2 Master Flat O  2020-01-05  5.0x1x32  Z183G111O10@-20.0C  APM107R@531  (ESD SGP).xisf,master-flat,Z183,Float32,5496,3672,zlib+sh,80725248,46412217,4765.3,60.8,49362240,1596.3,41.3,46862479,146.4,55.7,46822379,107.6,45.9,46555861,462.9,46.6,46094964,5833.0,43.0,45748978,14512.7,51.5,45741282,16178.8,46.1
F2 Master Flat L  2021-11-24  0.08x1x256  Z183G053O10@-20.0C  APM107R@531  (WSC SGP).xisf,master-flat,Z183,Float32,5496,3672,zlib+sh,80725248,45339411,4516.8,56.8,47980171,1557.6,41.2,46011417,135.3,53.2,45881924,98.6,45.8,45521212,428.6,44.5,44968390,4747.2,50.2,44639559,14069.9,43.3,44629638,15103.5,48.6
F2 Master Flat R  2024-10-17  0.05x1x128  Z183G000O10@-10.0C  APM107R@531  (ESD NINA).xisf,master-flat,Z183,Float32,5496,3672,zlib+sh,80725248,46515993,5320.0,68.1,49636221,1752.3,41.0,47329012,149.8,56.6,47270568,114.2,67.6,46680555,534.7,48.9,46123520,5410.1,56.5,45684342,15835.5,50.7,45661012,19523.1,61.9
F10 Master Flat R  2024-08-14  0x2x128  Z183G000O10@-10.0C  APM107R@531  (ESD NINA).xisf,master-flat,Z183,Float32,2744,1836,zlib+sh,20151936,11569575,1078.5,19.9,12255528,392.0,12.8,11700044,36.2,14.1,11677577,27.3,12.0,11610902,117.8,13.7,11496565,949.4,11.6,11409749,2427.3,14.1,11409749,2378.5,13.5
F1 Master Flat L  2024-06-22  0x1x128  Z183G000O10@-10.0C  APM107R@531  (ESD NINA).xisf,master-flat,Z183,Float32,5496,3672,zlib+sh,80725248,46239738,4050.5,70.6,48971632,1585.4,48.9,46763080,145.2,50.7,46671431,103.3,48.8,46379506,452.4,45.5,45848685,4949.4,42.7,45508048,14043.1,47.9,45501005,15119.9,44.7
O3 Elephant's Trunk Nebula.xisf,other-sub,ZWO ASI183MM Pro,Float32,4488,3652,zlib+sh,65560704,42486135,849.7,74.0,46314638,943.8,32.7,41659358,92.9,36.4,41705289,113.9,37.7,41923224,244.7,39.7,41925202,1605.0,40.0,41658021,10122.0,34.7,41655553,10681.6,36.0
HA Elephant's Trunk Nebula.xisf,other-sub,ZWO ASI183MM Pro,Float32,4488,3652,zlib+sh,65560704,47649263,1019.6,69.7,49704071,1128.3,30.2,47567738,104.8,50.9,47571688,69.0,44.1,47520510,116.8,43.5,47514432,603.9,39.9,47510952,9332.8,37.6,47480563,14072.2,39.4
HFG1 Color Reference.xisf,other-sub,Z183,UInt8,2048,1364,,8380416,4704497,537.8,20.4,5627465,233.8,2.3,4626783,26.4,8.5,4664579,37.1,7.3,4539145,182.5,9.2,4425788,1361.1,18.5,4330583,2830.9,9.9,4330583,2769.3,9.4
SNRWeight 256 Local Normialization Integration.xisf,other-sub,ZWO ASI183MM Pro,Float32,5496,3672,,80725248,60949658,7907.7,100.6,65183575,1779.4,49.6,61741455,160.9,62.5,61703170,101.8,63.4,61215147,396.9,54.7,60904615,3067.1,51.2,60559938,18528.7,54.6,60556736,19888.0,55.2
HFG1 Reference.xisf,other-sub,Z183,Float32,5496,3672,zstd+sh,80725248,60819445,2999.3,85.5,63028822,1573.1,40.0,61312388,166.8,72.4,61342918,119.9,56.3,61047908,282.7,55.7,60851413,1609.9,59.5,60586166,15568.0,52.0,60573142,18154.5,50.6
SNRWeight Integration.xisf,other-sub,ZWO ASI183MM Pro,Float32,5496,3672,,80725248,60588536,13206.9,106.7,66425629,1907.8,40.7,61286682,162.4,77.6,61217579,106.3,70.7,60765368,442.4,60.9,60391617,4217.6,54.7,60031634,18865.2,59.7,60027938,21343.1,58.6
